contig,position,SNP,Gene,ref_allele,alt_allele,Source
1,179520506,rs1410592 ,NPHS2 ,A,G,BMCMED
1,67861520,rs2229546,IL12RB2,A,C,BMCMED
1,17557133,rs3003406,PADI1,A,C,ALFRED
1,20977000,rs1043424,PINK1,A,C,ALFRED
1,91980447,rs483532,CDC7,A,G,ALFRED
1,116310967,rs4074536,CASQ2,T,C,ALFRED
1,157668390,rs7522061,FCRL3,T,C,ALFRED
1,161479745,rs1801274,FCGR2A,A,G,ALFRED
1,175348723,rs859427,TNR,C,T,ALFRED
1,186050417,rs10798035,HMCN1,A,G,ALFRED
1,227216662,rs1929861,CDC42BPA,T,C,ALFRED
1,227935444,rs2236359,SNAP47,A,G,ALFRED
1,240492734,rs3795677,FMN2,G,A,ALFRED
1,242042545,rs1776148,EXO1,A,G,ALFRED
1,248023966,rs3737277,TRIM58,C,T,ALFRED
2,169789016,rs497692 ,ABCB11 ,T,C,BMCMED
2,227896976,rs10203363,COL4A4,C,T,BMCMED
2,1079320,rs4971432,SNTG2,C,T,ALFRED
2,1320143,rs4927635,SNTG2,C,T,ALFRED
2,26804247,rs935172,CIB4,T,C,ALFRED
2,29295016,rs10200693,C2orf71,A,G,ALFRED
2,49189921,rs6166,FSHR,C,T,ALFRED
2,54482964,rs843704,TSPYL6,C,T,ALFRED
2,71058835,rs741326,CD207,A,G,ALFRED
2,71838597,rs2303606,DYSF,C,A,ALFRED
2,152346979,rs1061305,NEB,T,C,ALFRED
2,202122995,rs3769823,CASP8,A,G,ALFRED
2,209007559,rs796287,CRYGB,T,G,ALFRED
3,4403767,rs2819561 ,SUMF1 ,G,A,BMCMED
3,7620789,rs1485175,GRM7,T,C,ALFRED
3,42251263,rs2290134,TRAK1,C,T,ALFRED
3,52727257,rs2289247,GNL3,G,A,ALFRED
3,74413676,rs6549590,CNTN3,T,C,ALFRED
3,97806616,rs4518168,OR5AC2,G,A,ALFRED
3,101576175,rs14134,NFKBIZ,T,C,ALFRED
3,122288210,rs2332285,DTX3L,G,A,ALFRED
3,124728626,rs6438869,HEG1,A,G,ALFRED
3,151166422,rs6798252,IGSF10,C,T,ALFRED
3,156249214,rs2280031,KCNAB1,T,C,ALFRED
3,186395436,rs1042445,HRG,C,T,ALFRED
3,186459927,rs710446,KNG1,T,C,ALFRED
4,5749904,rs4688963 ,EVC ,T,C,BMCMED
4,73956736,rs6855349,ANKRD17,G,A,ALFRED
4,79240063,rs345513,FRAS1,A,G,ALFRED
4,79372930,rs753752,FRAS1,C,T,ALFRED
4,85762385,rs2046402,WDFY3,T,C,ALFRED
4,103557077,rs2866413,MANBA,G,A,ALFRED
4,113352397,rs2074388,ALPK1,G,A,ALFRED
4,186097045,rs6855305,KIAA1430,C,T,ALFRED
5,82834630,rs309557 ,VCAN ,T,C,BMCMED
5,42719239,rs6180,GHR,A,C,ALFRED
5,52379277,rs2303122,ITGA2,C,T,ALFRED
5,53815495,rs2548612,SNX18,A,C,ALFRED
5,68417643,rs164578,SLC30A5,C,T,ALFRED
5,68715310,rs1185246,MARVELD2,C,T,ALFRED
5,73985215,rs11556045,HEXB,A,G,ALFRED
5,82833369,rs309559,VCAN,A,G,ALFRED
5,95733112,rs6233,PCSK1,A,G,ALFRED
5,96121524,rs469783,ERAP1,C,T,ALFRED
5,96503523,rs160632,RIOK2,C,T,ALFRED
5,112328377,rs3733969,DCP2,A,G,ALFRED
5,135287029,rs31517,LECT2,T,C,ALFRED
5,140181734,rs3733708,PCDHA3,A,G,ALFRED
5,147498019,rs3777134,SPINK5,G,A,ALFRED
5,150946773,rs1432862,FAT2,G,A,ALFRED
5,168180081,rs10036727,SLIT3,C,T,ALFRED
5,169028481,rs3797713,SPDL1,T,C,ALFRED
5,178391902,rs12719860,ZNF454,A,C,ALFRED
6,146755140,rs2942 ,GRM1 ,A,G,BMCMED
6,11213832,rs3734404,NEDD9,T,C,ALFRED
6,30993533,rs2523898,MUC22,A,G,ALFRED
6,31124849,rs3130453,CCHCR1,C,T,ALFRED
6,32975257,rs365066,HLA-DOA,C,T,ALFRED
6,36275458,rs4713956,PNPLA1,T,C,ALFRED
6,39040654,rs2235868,GLP1R,A,C,ALFRED
6,41162518,rs3747742,TREML2,T,C,ALFRED
6,70961833,rs1135056,COL9A1,T,C,ALFRED
6,87994015,rs6934603,GJB7,A,G,ALFRED
6,126210395,rs6919947,NCOA7,T,G,ALFRED
6,158927651,rs3828712,TULP4,A,G,ALFRED
7,48450157,rs17548783 ,ABCA13 ,C,T,BMCMED
7,881668,rs6461378,SUN1,C,T,ALFRED
7,11581134,rs2074603,THSD7A,T,C,ALFRED
7,34009946,rs10265207,BMPER,C,T,ALFRED
7,43916727,rs2232108,URGCP,T,G,ALFRED
7,83590852,rs797821,SEMA3A,T,C,ALFRED
7,135329690,rs12540688,NUP205,T,C,ALFRED
7,138732457,rs3735008,ZC3HAV1,G,A,ALFRED
8,94935937,rs4735258 ,PDP1 ,C,T,BMCMED
8,12957475,rs532841,DLC1,C,T,ALFRED
8,30973957,rs1800392,WRN,G,T,ALFRED
8,69009268,rs3812458,PREX2,C,T,ALFRED
8,94808165,rs3134031,TMEM67,A,G,ALFRED
8,121228679,rs4870723,COL14A1,A,C,ALFRED
8,124664130,rs11780509,KLHL38,C,T,ALFRED
8,139165289,rs7835830,FAM135B,T,C,ALFRED
8,143413136,rs10435683,TSNARE1,C,T,ALFRED
8,144732450,rs3750204,ZNF623,G,A,ALFRED
9,100190780,rs1381532 ,TDRD7 ,G,A,BMCMED
9,14737506,rs10961689,FREM1,T,G,ALFRED
9,18775810,rs934472,ADAMTSL1,C,A,ALFRED
9,21077716,rs1051922,IFNB1,G,A,ALFRED
9,79117751,rs2282683,GCNT1,A,G,ALFRED
9,79321871,rs577993,PRUNE2,C,T,ALFRED
9,107267304,rs7030820,OR13F1,C,T,ALFRED
9,111945049,rs3750450,EPB41L4B,T,G,ALFRED
9,116153900,rs1139488,ALAD,A,G,ALFRED
9,125316350,rs1411272,OR1N2,C,T,ALFRED
10,100219314,rs10883099 ,HPSE2 ,A,G,BMCMED
10,323283,rs3740304,DIP2C,A,G,ALFRED
10,6527143,rs2236379,PRKCQ,G,A,ALFRED
10,26446312,rs3758449,MYO3A,G,A,ALFRED
10,26463130,rs1999240,MYO3A,C,A,ALFRED
10,30316208,rs2185724,KIAA1462,T,C,ALFRED
10,31138817,rs10160116,ZNF438,G,A,ALFRED
10,44052903,rs2230661,ZNF239,A,C,ALFRED
10,60577393,rs4344442,BICC1,T,C,ALFRED
10,73434906,rs10999947,CDH23,G,A,ALFRED
10,102116311,rs2234970,SCD,A,C,ALFRED
10,104596924,rs6163,CYP17A1,C,A,ALFRED
10,115350597,rs1885434,NRAP,G,A,ALFRED
11,16133413,rs4617548 ,SOX6 ,A,G,BMCMED
11,5537161,rs2047456,UBQLNL,A,G,ALFRED
11,5842310,rs8181529,OR52N2,T,G,ALFRED
11,6898663,rs10839635,OR10A4,G,A,ALFRED
11,36103228,rs1138807,LDLRAD3,A,G,ALFRED
11,44104981,rs3107275,ACCS,C,T,ALFRED
11,58034543,rs10792156,OR10W1,C,T,ALFRED
11,60070176,rs6591561,MS4A4A,A,G,ALFRED
11,60265002,rs2298553,MS4A12,C,T,ALFRED
11,73689104,rs660339,UCP2,G,A,ALFRED
11,76372052,rs3740779,LRRC32,A,G,ALFRED
11,85436352,rs641393,SYTL2,G,A,ALFRED
11,102593248,rs1940475,MMP8,T,C,ALFRED
11,107197640,rs3758911,CWF19L2,T,C,ALFRED
11,116633825,rs918144,BUD13,C,T,ALFRED
11,119206375,rs2511841,RNF26,G,A,ALFRED
11,125766044,rs549990,PUS3,C,A,ALFRED
11,125788678,rs683155,DDX25,T,C,ALFRED
11,126278075,rs2230279,ST3GAL4,C,T,ALFRED
12,993930,rs7300444 ,WNK1 ,C,T,BMCMED
12,5603632,rs6332,NTF3,G,A,ALFRED
12,9316773,rs3213831,PZP,T,C,ALFRED
12,27849795,rs929948,REP15,C,T,ALFRED
12,32134240,rs2388982,KIAA1551,C,T,ALFRED
12,40758652,rs3761863,LRRK2,T,C,ALFRED
12,49390677,rs10783299,DDN,T,C,ALFRED
12,54970454,rs1249950,PDE1B,T,C,ALFRED
12,64519806,rs789722,SRGAP1,T,C,ALFRED
12,72372862,rs7305115,TPH2,A,G,ALFRED
12,123200768,rs1798192,HCAR3,T,G,ALFRED
12,129559557,rs10773594,TMEM132D,C,T,ALFRED
12,132688137,rs7486927,GALNT9,A,G,ALFRED
13,39433606,rs9532292 ,FREM2 ,A,G,BMCMED
13,25831888,rs7995033,MTMR6,T,C,ALFRED
13,33703656,rs495680,STARD13,T,C,ALFRED
13,47469940,rs6313,HTR2A,G,A,ALFRED
13,52524488,rs1061472,ATP7B,T,C,ALFRED
14,50769717,rs2297995,L2HGDH,A,G,BMCMED
14,42360633,rs6572117,LRFN5,T,C,ALFRED
14,55818706,rs3742569,FBXO34,T,C,ALFRED
14,65263347,rs229586,SPTB,C,T,ALFRED
14,73440864,rs12931,ZFYVE1,C,T,ALFRED
14,80669580,rs225014,DIO2,T,C,ALFRED
14,88946622,rs2401751,PTPN21,G,A,ALFRED
15,34551082,rs7164902,SLC12A6,G,A,BMCMED
15,27188459,rs140685,GABRA5,C,T,ALFRED
15,44943757,rs3759871,SPG11,A,G,ALFRED
15,45446156,rs2458236,DUOX1,C,T,ALFRED
15,51217361,rs2306331,AP4E1,T,C,ALFRED
15,56152729,rs2303579,NEDD4,T,C,ALFRED
15,77907775,rs2271397,LINGO1,T,C,ALFRED
15,79586361,rs8038778,ANKRD34C,T,C,ALFRED
15,99653800,rs2305445,SYNM,T,C,ALFRED
15,101109818,rs12460,LINS,G,A,ALFRED
16,70303580,rs2070203 ,AARS ,G,A,BMCMED
16,72020134,rs12708923,PKD1L3,T,C,ALFRED
17,71197748,rs1037256 ,COG1 ,A,G,BMCMED
17,14005439,rs2159132,COX10,G,A,ALFRED
17,33881631,rs321612,SLFN14,T,C,ALFRED
17,45008570,rs197922,GOSR2,G,A,ALFRED
17,71196809,rs1026128,COG1,A,G,ALFRED
18,21413869,rs9962023 ,LAMA3 ,C,T,BMCMED
18,2707619,rs2276092,SMCHD1,G,A,ALFRED
18,60027241,rs1805034,TNFRSF11A,C,T,ALFRED
19,10267077,rs2228611 ,DNMT1 ,T,C,BMCMED
19,885818,rs1060442,MED16,A,G,ALFRED
19,1110829,rs2302109,SBNO2,G,A,ALFRED
19,6156483,rs4807840,ACSBG2,T,C,ALFRED
19,9062415,rs12978757,MUC16,T,G,ALFRED
19,10131999,rs1644731,RDH8,T,C,ALFRED
19,11224265,rs5930,LDLR,A,G,ALFRED
19,15587185,rs733731,PGLYRP2,C,T,ALFRED
19,16601194,rs3810198,CALR3,C,T,ALFRED
19,39914748,rs31726,PLEKHG2,G,A,ALFRED
19,43979589,rs1055099,PHLDB3,G,T,ALFRED
19,45448465,rs5167,APOC4,T,G,ALFRED
19,48601454,rs251684,PLA2G4C,T,C,ALFRED
19,49573438,rs1017219,KCNA7,A,G,ALFRED
19,51844978,rs8105710,VSIG10L,G,T,ALFRED
19,52000672,rs3829658,SIGLEC12,G,A,ALFRED
19,53793042,rs8109165,BIRC8,G,A,ALFRED
19,56369314,rs16986718,NLRP4,G,A,ALFRED
19,56423668,rs304001,NLRP13,G,A,ALFRED
19,57642098,rs3764574,USP29,G,A,ALFRED
19,58058739,rs10410631,ZNF550,T,C,ALFRED
19,58774071,rs260462,ZNF544,A,G,ALFRED
20,6100088,rs10373,FERMT1,C,T,BMCMED
20,19261623,rs1569767,SLC24A3,G,A,ALFRED
20,21142813,rs2236178,PLK1S1,T,C,ALFRED
21,44323590,rs4148973 ,NDUFV3 ,G,T,BMCMED
21,19670118,rs2824721,TMPRSS15,G,A,ALFRED
21,37518706,rs1056892,CBR3,G,A,ALFRED
21,41165462,rs2837225,IGSF5,C,A,ALFRED
21,46908355,rs11702425,COL18A1,T,C,ALFRED
22,21141300,rs4675 ,SERPIND1 ,C,T,BMCMED
22,30864610,rs4820853,SEC14L3,A,G,ALFRED
22,50962208,rs12148,SCO2,T,G,ALFRED
